,企業名,キャッチコピー,ステータス,初年度年収
0,ゼネリックソリューション株式会社 | 【100％自社内開発】第二新卒・ポテンシャル採用も可能！,【ソフトウェアエンジニア】開発経験あればOK/年収800万円も可！ 正社員,正社員,400万円～800万円
1,富国生命保険相互会社 | 経営安定、待遇・福利厚生充実の企業が中途採用を実施！,未経験OK！【営業総合職（営業所長候補）】年休121日／賞与4カ月 正社員,正社員,350万円～650万円
2,株式会社マイスターエンジニアリング | ゼロから先端産業のエンジニアへ / 地域限定正社員募集！,経験ゼロからでOK【エンジニア地域限定総合職】年間休日121日 正社員,正社員,
3,ジンマー・バイオメット合同会社 | 専門性の高い医療知識が身に付く／自宅が拠点の直行直帰スタイル,世界トップクラスのシェアを誇る【医療機器営業】教育研修あり 正社員,正社員,370万円～670万円
4,アプライド マテリアルズ ジャパン株式会社 | 売上世界No.1の半導体製造装置メーカーの日本法人,全国募集【エンジニア・技術職】未経験歓迎◆高卒以上◆35歳以下 正社員,正社員,
5,ブリヂストンタイヤソリューションジャパン株式会社 | 成長×安定／「個」の成長にもフォーカスした職場です！,【企画営業】世界トップシェアの商材を扱い営業として活躍！ 正社員,正社員,300万円～450万円
6,中京広告株式会社 | 《2007年設立＊成長中企業》いろんな事にチャレンジできる環境,資格取得もOK！スキルを磨ける【WEBマーケター】★年休120日以上 正社員,正社員,
7,株式会社NEXT STORIES | ★入社祝金10万円★平均年収720万円※大阪府緊急雇用対策に賛同,【アフターフォロー営業】★月給30万～&完休2日★WEB面接OK 正社員,正社員,600万円～700万円
8,住友不動産株式会社 | 東証プライム上場◆平均残業時間18時間◆転勤なし◆完全週休二日,第二新卒歓迎◆最高年収実績1100万円【新築分譲マンション営業】 正社員,正社員,400万円～500万円
9,株式会社アヴァンザ | 【研修制度充実】賞与年2回／在宅9割／離職率1.3%／自社サービス,未経験歓迎★年休125日／残業15H以内／年収350万円【SE・PG】 正社員,正社員,350万円
10,いなば食品株式会社 | 拡大期でのキャリア採用★賞与平均7ヶ月実績など充実の待遇あり,ちゅ～る・ライトツナなどの【企画営業】※20代活躍中 正社員,正社員,420万円～600万円
11,株式会社アークライン | ★年休120日以上★残業少なめ★完休2日（土日）★リモート強化中,充実の教育体制【開発エンジニア】★3ヶ月以上の自社研修あり♪ 正社員,正社員,300万円～400万円
12,株式会社ウェディングボックス | 【ふりそでMODE】感動幸福クリエイターによる幸せ創りのお手伝い,お客様の大切な日を彩る【振袖コーディネーター】★第二新卒歓迎 正社員,正社員,300万円～500万円
13,全国漁業協同組合連合会 | 【JF全漁連】コロナ対応テレワーク導入／賞与実績年5.16か月,"【企画営業】☆魚食の魅力を伝え、水産業の""これから""に貢献！ 正社員",正社員,400万円～500万円
14,株式会社テクノプロ | テクノプロ・R&D社／東証プライム市場 テクノプロ・グループ,【研究開発職(化学・バイオ分野)】第二新卒・ポスドク歓迎！ 正社員,正社員,350万円～600万円
15,ハラダ協同サービス株式会社 | 【JAのパートナー企業】手当充実/引っ越し費用全額負担,未経験歓迎!!【総合職(企画・運営)】★月9~11休★残業1日2ｈ以内 正社員,正社員,300万円～500万円
16,株式会社みなと銀行 | 【株式会社関西みらいフィナンシャルグループ】,【営業職(法人・リテール)】☆営業経験歓迎 ☆20・30代活躍中 正社員,正社員,300万円～600万円
17,株式会社野村総合研究所 | （NRI） 東証プライム上場★海外研修など豊富な研修制度あり,【総合職】WEBアプリ/システムコンサルタント/札幌募集 正社員,正社員,
18,中日本ハイウェイ・エンジニアリング名古屋株式会社 | NEXCO中日本グループ／年間休日130日以上／賞与6ヶ月分支給,高速道路の【技術系総合職(土木、建築、電気・通信、機械)】 正社員,正社員,300万円～600万円
19,株式会社ワールドスポーツ | 釣具のキャスティング★残業代全支給★手当充実★年休118日以上,"""好きを仕事に""【販売スタッフ】35歳以下の未経験＜積極採用＞ 正社員",正社員,
20,東京計器株式会社 | 【東証プライム上場】船舶湾港機器事業で業界をリードし続ける,★世界トップクラスシェア★船用機器【制御設計】年間休日126日 正社員,正社員,
21,株式会社ファーストスクエア | 全国トップクラス業績！だから賞与年2回★スピードキャリアUP！,【総合職(PR・企画・セールスプロモーションなど)】若手活躍中！ 正社員,正社員,350万円～500万円
22,"株式会社四国シジシー | 総年商4兆9,509億円を誇る「CGCグループ」/残業少なめ/転勤なし",地域の「食」を支える【営業企画】※土日休み ※転勤なし 正社員,正社員,
23,羽田空港サービス株式会社 | ANAのパートナー企業/引越費用補助＆住宅手当有/シャワー室完備,【グランドハンドリング】★業務領域拡大中★プライベートも充実 正社員,正社員,
24,東京計器株式会社 | 【東証プライム上場】船舶湾港機器事業で世界トップクラスシェア,世界屈指の技術力を手に★船用機器の【電気設計】年間休日126日 正社員,正社員,
25,株式会社野村総合研究所 | （NRI）東証プライム上場★海外研修など豊富な研修制度あり,【システムエンジニア(インフラ/ミドル/アプリ開発)】※福岡募集 正社員,正社員,
26,三井不動産商業マネジメント株式会社 | 【三井不動産グループ】★完全週休2日制★年間休日121日,総合職（「ららぽーと」など有名商業施設の企画・運営・管理） 正社員,正社員,
27,アクセンチュア株式会社 | 完全週休2日制(土日祝)で年間休日120日以上／充実の福利厚生アリ,福岡募集★未経験者も歓迎【 プロジェクト管理（PMO）】 正社員,正社員,400万円～1000万円
28,東京計器株式会社 | 【東証プライム上場】船舶湾港機器事業で世界トップクラスシェア,世界規模の市場で活躍★船用機器の【ソフト設計】年間休日126日 正社員,正社員,
29,株式会社やる気スイッチグループ | 19期連続増収★実働7.25ｈ★年休120★大阪府緊急雇用対策に賛同,スクールIE/WinBe【教室長】人生のスイッチが入る瞬間をあなたも 正社員,正社員,360万円～600万円
30,ネイチャーインサイト株式会社 | 土日祝休み・年休123日・転居/奨学金返済支援など福利厚生も充実,SASを扱う日本有数の希少人材が目指せる！【プログラマー】 正社員,正社員,
31,アクセンチュア株式会社 | 世界最大級の総合コンサルティング／ITサービス企業,【ITコンサルタント】※第二新卒/未経験者歓迎/関西も積極採用中 正社員,正社員,
32,ネイチャーインサイト株式会社 | 土日祝休み・年休123日・転居/奨学金返済支援など福利厚生も充実,未経験歓迎！業界でもレアな人材へ！【ITエンジニア】 正社員,正社員,
33,ダイレックス株式会社 | 【東証プライムグループ】#20種類以上の福利厚生あり #手当充実,【店舗スタッフ】★賞与年4.6ヶ月分 ★月8～9日休み ★未経験OK 正社員,正社員,300万円～400万円
34,医療法人湘美会 | 湘南美容クリニック*賞与年2回＋短期業績手当年4回*,【受付カウンセラー】*未経験歓迎*大卒月給26万円／残業ほぼなし 正社員,正社員,300万円～500万円
35,株式会社ボードルア | ★グロース上場企業★残業ほぼなし★完全週休2日(年休125日以上),経験ゼロから始めるオフィスワーク♪【IT事務】★100％未経験 正社員,正社員,300万円～700万円
36,"株式会社マミー・インターナショナル | 全国出張面接どこへでも会いに行きます♪家賃補助最大82,000円！",【保育士】東京・千葉・神奈川にて保育園を10園運営しています♪ 正社員,正社員,300万円～400万円
37,株式会社サザビーリーグ | アイビーカンパニー／Shake Shack、KIHACHI等を展開／ＷEB面接OK,Afternoon Teaの【カフェスタッフ】★月9日休み ★深夜営業なし 正社員,正社員,
38,株式会社ライフコーポレーション | プライム上場／賞与平均4.10ヶ月分【大阪府緊急雇用対策に賛同】,ライフの【総合職】★20～30代の若手が多数活躍中 ★地域別採用 正社員,正社員,300万円～400万円
39,株式会社修優舘 | あなたの経験と能力を満足のいく給与に変えてみませんか？,2人に1人が年収700万円超【講師・教室運営】※完全週休2日制も可 正社員,正社員,360万円～700万円
40,株式会社マイナビ | 就職や転職などのあらゆる人生の岐路を支えるサービスを提供,マイナビ転職の【広告営業】★全国の各拠点で積極採用中 正社員,正社員,380万円～570万円
41,株式会社ミルボン | 東証プライム上場のヘア化粧品メーカー：賞与実績年6.5ヶ月分,★未経験歓迎★ 美容室向けヘア化粧品メーカーの【営業職】 正社員,正社員,400万円～480万円
42,株式会社ミキモト | 業界を代表する世界的ハイジュエラー/年休121日/関西積極採用,【ジュエリーアドバイザー】~日本発のグローバルブランドで活躍~ 契約社員,契約社員,
43,株式会社星野リゾート・マネジメント,【ホテル・旅館の運営｜マネジメント候補生】第二新卒積極採用 正社員,正社員,370万円～450万円
44,ジョンソン・エンド・ジョンソン株式会社 | 完全週休2日制／福利厚生充実／20～30代女性活躍中！,【メディカル機器の提案営業(外科/整形外科領域)】★女性活躍中 正社員,正社員,550万円～800万円
45,東亜電気工業株式会社 | 創業以来75年 連続黒字経営のエレクトロニクス専門商社,電気・電子部品を既存取引先の法人に提案する【ルート営業】 正社員,正社員,
46,医療法人湘美会 | 湘南美容クリニック*残業5h以下*オフィス移転に伴う募集！,東京限定【問合せ対応スタッフ】駅から徒歩2分／新しいオフィス 正社員,正社員,300万円～400万円
47,学校法人藤川学園 | 自分の好きな科目が選べる！17時以降の授業はありません。,月給30万円以上を保証！【 学校職員（ 一般科目 ）】 契約社員,契約社員,360万円～500万円
48,アフラック収納サービス株式会社 | アフラックグループ／女性活躍推進法『えるぼし』最高評価を取得,アフラックグループで働く【事務系総合職】未経験・第二新卒歓迎 正社員,正社員,350万円～500万円
49,オリックス生命保険株式会社 | ◆賞与年4回/土日祝休み/退職金制度あり/充実の研修制度,20～30代活躍中！【提案営業】※固定月給25万円～/未経験歓迎！ 正社員,正社員,300万円～800万円
50,株式会社グローバルセンター | 転勤なし／コロナ禍でも好調のストックビジネス／社長も目指せる,【部門の責任者(経営幹部候補・マネージャー／リーダー)】 正社員,正社員,400万円～1200万円
51,東急リバブル株式会社 | ＜東急不動産ホールディングス(東証プライム上場)グループ＞,【法人営業】課題解決に向けたコンサル※ソリューション事業本部 正社員,正社員,400万円～600万円
52,グルンドフォスポンプ株式会社 | 世界トップレベル・ポンプメーカーの日本法人／年休126日以上,【購買スペシャリスト】◆土日祝休み◆賞与昨年度実績7カ月分 正社員,正社員,530万円～900万円
53,東リ株式会社 | プライム上場／圧倒的知名度＆シェア！あらゆる施設に東リ製品を,既存のお客様への【提案営業】★業界経験不問★20代活躍中 正社員,正社員,
54,株式会社近代設計 | 東証一部上場 E・Jホールディングス のグループ企業◆定着率抜群,【建設コンサルタント】残業月20h程度★賞与6ヶ月★完全週休2日 正社員,正社員,400万円～700万円
55,AZAPAエンジニアリング株式会社 | ＼6月25日(土)＊マイナビ転職フェア大阪に出展します／,未経験からチームで成長！Tier0.5へ挑戦【車両開発エンジニア】 正社員,正社員,
56,ポラス株式会社 | 《過去最高売上達成》15年連続住宅販売No.1！地域密着の安定企業,★賞与実績年6ヶ月分★【総合職(新築住宅営業・売買仲介営業)】 正社員,正社員,450万円～600万円
57,北都建設工業株式会社 | 2022年10月本社移転予定！賞与平均5.9ヶ月分◆年間休日129日,平均年収700万円【土木施工管理】※有資格者・未経験者歓迎 正社員,正社員,450万円～650万円
58,デリカSFホールディングス合同募集 | ヤマエグループ★セブンイレブンパートナーとして安定成長！,★初回配属地確約★【製造職】製造・品質管理・商品開発等 正社員,正社員,
59,グルンドフォスポンプ株式会社 | 世界トップレベル・ポンプメーカーの日本法人／年休126日以上,【製品技術・コンプライアンススペシャリスト】賞与実績7カ月分 正社員,正社員,530万円～900万円
60,株式会社識学 | 独自のマネジメント理論『識学』を展開／東証グロース市場上場,【組織コンサルタント】◆未経験歓迎◆週4日リモートワークOK 正社員,正社員,550万円～800万円
61,ＳＢＣパートナーズ税理士法人 | 《創業27年連続増収》更なる事業拡大に向けて邁進中！,企業の経営課題解決に取り組む【財務コンサルタント】※経験不問 正社員,正社員,350万円～500万円
62,ＡＧＣ株式会社 | プライム市場上場｜多彩な事業展開で安定感抜群｜有休取得率95％,【技能職】創業115年/世界シェアトップクラス/手当充実/未経験OK 正社員,正社員,
63,株式会社ゴールドファステート | 【固定月給30万円/大型連休年3回】【大阪府緊急雇用対策に賛同】,90％が未経験スタート！【コンサルティング営業】※テレアポ 正社員,正社員,600万円～2000万円
64,光伸株式会社 | 賞与最大年3回支給／完全週休2日制【大阪府緊急雇用対策に賛同】,専門商社の【総合職（営業・メンテナンス）】※年休120日以上 正社員,正社員,300万円～400万円
65,岡山機設株式会社 | 《公共性の高いインフラ企業》賞与年2回+決算賞与／福利厚生充実,長くキャリアを築ける！【 経理事務 】年休実質117日~（土日祝） 正社員,正社員,
66,株式会社ミギテック | やりたくない案件は断ってOK！これぞ真のエンジニアファースト！,フルリモート案件多彩！【ITエンジニア】★前職より給与UPを保証 正社員,正社員,450万円～1000万円
67,株式会社ＣＢコンサルティング | 20～30代が活躍中◆働きやすいフレックスタイム制◆年休124日,医療・福祉業界の課題を解決する【法人営業】★業界未経験歓迎 正社員,正社員,350万円～550万円
68,日軽パネルシステム株式会社 | 日本軽金属（株）100％出資／東証一部上場企業グループの安定性,圧倒的シェアを持つメーカーの【内装施工管理】★未経験OK！ 正社員,正社員,
69,株式会社ノジマ | ◆上場企業だからこその安定性◆正社員と変わらない待遇,★オープニングスタッフ募集中★【倉庫内作業スタッフ】 契約社員,契約社員,300万円～420万円
70,三井不動産レジデンシャル株式会社 | 三井不動産株式会社（東証プライム上場）グループ,【総合職】用地取得・企画開発・営業・海外事業等◆未経験歓迎 正社員,正社員,600万円～1150万円
71,学校法人藤川学園 | 完全週休2日制で残業少なめ☆仕事もプライベートも楽しめます！,"学生の"" 夢 ""を叶えるお手伝いをしませんか？【 広報・PR担当 】 契約社員",契約社員,
72,株式会社テクノ・クリエイト | 年休129日★残業ほぼなし★賞与年3回★フレックス制★リモートOK,多様な業界に携わる【マーケティング・リサーチャー】未経験歓迎 正社員,正社員,400万円～550万円
73,株式会社全教研 | 【学研グループ！北部九州に70拠点を展開】カジュアル面談を実施,★教員免許ナシでOK！未経験者も歓迎★【 講師（英語／数学）】 正社員,正社員,300万円～400万円
74,日軽パネルシステム株式会社 | 日本軽金属（株）100％出資／東証一部上場企業グループの安定性,未経験OK！業界で圧倒的シェアを持つパネルメーカーの【設計】 正社員,正社員,
75,株式会社TFDエステート | 【40年以上の実績を持つTFDグループ】,【賃貸管理】（賞与年2回／各種手当充実）※経験者歓迎 正社員,正社員,350万円～500万円
76,西武バス株式会社 | ★安定の【西武グループ】★借り上げ社宅制度 ★福利厚生が充実,【バス運行管理(事務員)】★未経験者歓迎★年休121日 正社員,正社員,400万円～450万円
77,株式会社NTTファシリティーズ | 建築×エネルギー×ICTで持続可能な未来をつくり、守りつづける,【データセンター空調設備技術者】海外製空調商材の販売拡大 正社員,正社員,500万円～800万円
78,株式会社リードホーム | 未経験入社9割！未経験者・特に歓迎！宅建4万・FP手当1万支給！,都心に特化！【不動産売買仲介】営業の半数以上が年収1100万円超 正社員,正社員,600万円～3000万円
79,フォーザウィン株式会社 | ＜完全週休2日／年間休日125日／有休取得100％／基本定時退社＞,【エンジニア総合職】★社会人経験必須★あなたの経験を高く評価 正社員,正社員,276万円～550万円
80,アプライド マテリアルズ ジャパン株式会社 | 売上世界No.1の半導体製造装置メーカーの日本法人,大分募集【カスタマーエンジニア】理系職経験者募集◆高卒以上 正社員,正社員,
81,東鉄工業株式会社 | プライム市場上場/JR東日本のパートナー企業/13年連続無借金経営,土木・建築等の【施工管理】◎平均年収851万円◎年間休日125日◎ 正社員,正社員,400万円～900万円
82,ポート株式会社 | 《東証グロース上場》完全週休2日☆年間休日120日☆福利厚生充実,学生向け就活メディアの【キャリアカウンセラー】★未経験歓迎 正社員,正社員,300万円～600万円
83,アプライド マテリアルズ ジャパン株式会社 | 売上世界No.1の半導体製造装置メーカーの日本法人,三重募集【カスタマーエンジニア】理系職経験者募集◆高卒以上 正社員,正社員,
84,株式会社スプリックス | ＜東証一部上場＞★賞与年2回（昨年度は通常の20％UP！）,森塾の【スクール運営(教室長候補)】◎Web面接実施 ◎男性活躍中 正社員,正社員,380万円～500万円
85,株式会社バローホールディングス | 設立から64年｜年休113日・週休2日…業界内でも働きやすさ抜群♪,未経験歓迎！笑顔があふれる職場♪バローの【 店舗スタッフ 】 正社員,正社員,250万円～500万円
86,ネットシステム株式会社 | 前職給与を最大限考慮／土日休み【大阪府緊急雇用対策に賛同】,多彩な案件を通じて成長できる！【ITエンジニア】残業少なめ 正社員,正社員,350万円～600万円
87,株式会社ジーネット | 【東証一部上場／フルサト・マルカHD】年間休日122日,日本のモノづくりを支える専門商社で活躍！【提案営業】未経験OK 正社員,正社員,400万円～540万円
88,株式会社ラクスパートナーズ | 上場企業グループ/9割が未経験スタート/年休120日以上/残業月10h,【ITエンジニア】★3ヶ月間の研修からスタート★未経験OK 正社員,正社員,350万円～500万円
89,グルンドフォスポンプ株式会社 | 世界トップレベル・ポンプメーカーの日本法人／年休126日以上,【ファイナンシャルコントローラー】土日祝休／賞与実績7カ月分 正社員,正社員,530万円～900万円
90,グルンドフォスポンプ株式会社 | 世界トップレベル・ポンプメーカーの日本法人／年休126日以上,【シニア・マーケティングスペシャリスト】賞与実績7カ月分 正社員,正社員,450万円～800万円
91,株式会社スリーエーコンサルティング | 9年連続売上は右肩上がりで成長中！残業ほぼなし！年間休日130日,ISO・Pマークに関する【コンサルティング】 正社員,正社員,300万円～400万円
92,アポプラスステーション株式会社 | 未経験入社率7割/直行直帰OK/MR認定試験合格率90％以上キープ,医薬品の営業【MR】《充実の研修制度★MR未経験歓迎★土日祝休》 正社員,正社員,
93,グルンドフォスポンプ株式会社 | 世界トップレベル・ポンプメーカーの日本法人／年休126日以上,【セールスエンジニア（機械・電気）】土日祝休み／賞与年3回 正社員,正社員,480万円～800万円
94,株式会社デイリー・インフォメーション中部 | ワークライフバランス推進認定企業／女性活躍推進認定企業,未経験から挑戦できる【 広告プランナー 】　★年間休日129日 正社員,正社員,300万円～450万円
95,株式会社ビッグモーター | 【5年連続買取台数No.1が活躍の舞台】★平均年収957万円以上,業界No.1の【自動車販売スタッフ】★経験/学歴/年齢不問 正社員,正社員,330万円～1500万円
96,アプライド マテリアルズ ジャパン株式会社 | 売上世界No.1の半導体製造装置メーカーの日本法人,長崎募集【カスタマーエンジニア】理系職経験者募集◆高卒以上 正社員,正社員,
97,株式会社ZEPE | 100％反響営業！無理のない働き方で、安定した収入を目指せる！,【ルート営業】未経験可！完全週休2日／高還元のインセンティブ 正社員,正社員,400万円～500万円
98,株式会社アイフリークモバイル | ◆東証JASDAQ上場の安定感◆,未経験から始める【IT事務】★残業ほぼゼロ★年間休日125日★ 正社員,正社員,250万円～700万円
99,株式会社ユートピア | ジョブチェンジ＆キャリアパスサポート企業◆残業月平均20h以下,【ITエンジニア】★第二新卒も大大大歓迎！★前給最大限考慮 正社員,正社員,300万円～800万円
100,イスコジャパン株式会社 | 88年間ずっと黒字経営の安定企業★昨年度の賞与実績…4.4ヶ月分,生活必需品である車のパーツを扱う専門商社の【 ルート営業 】 正社員,正社員,300万円～400万円
101,株式会社HYBE LABELS JAPAN | 土日祝休み＊年休125日以上＊完全フレックス制＊福利厚生充実,"韓流エンタメ業界の【A&R】★BTS,TXT,所属 正社員",正社員,300万円～1000万円
102,株式会社インテック | ◆未経験でも月給25万円～◆賞与年2回◆インセンティブ支給◎,人材サービスに関する【総合職(営業・人材コーディネーター)】 正社員,正社員,350万円～500万円
103,学校法人駿河台学園 | 【駿台予備学校】★完全週休2日★残業少なめ★正職員登用制度有,[募集拠点全国多数！]業界大手の駿台で働く【教務事務スタッフ】 契約社員,契約社員,
104,トランスコスモス株式会社 | 東証一部上場企業◆完全週休二日制◆育休取得後の復帰率97%,未経験歓迎！20代活躍中【ITサポート事務】年間休日122日以上♪ 正社員,正社員,320万円～700万円
105,富士フイルムロジスティックス株式会社 | 【富士フイルムグループ】★年間休日123日,物流スペシャリストとして成長【物流管理】★若手積極募集中 正社員,正社員,350万円～550万円
106,白元アース株式会社 | ミセスロイド、アイスノンなどで知名度を誇る総合日用品メーカー,経験やキャリアの幅が広がる【メーカー営業】 ※20～30代活躍中 正社員,正社員,350万円～600万円
107,ベックス株式会社 | 地域活性化事業の専門コンサル／働き方改革推進中／支え合う仲間,都市再開発や地域発展事業等のプロポーザル作成【企画コンサル】 正社員,正社員,400万円～800万円
108,トランスコスモス株式会社 | 東証一部上場企業◆あなたがもっと輝ける場所がある！,【総合職(事務等)】未経験歓迎★完全週休二日制★年間休日122日 正社員,正社員,320万円～700万円
109,パシフィックコンサルタンツ株式会社 | 【中国支社限定募集】業界最大級の総合建設コンサルタント集団,豊富な休暇制度が魅力！【建設コンサルタント】年間休日122日 正社員,正社員,
110,不動開発株式会社 | 《無借金経営・増収増益を継続中》上場企業からも長年の信頼あり,今年4月～年間123日に増加！【提案営業】★[未]歓迎・人物重視 正社員,正社員,450万円～600万円
111,株式会社キッズウェイ | 【河村電器産業グループ】創業100年以上の老舗メーカーの子会社,【法人営業】年休124日／賞与実績4.5ヵ月分／子育て支援充実 正社員,正社員,400万円～650万円
112,ベックス株式会社 | 地域活性化事業の専門コンサル／働き方改革推進中／支え合う仲間,【ITエンジニア】社内インフラの構築運用とMS365活用の事業展開 正社員,正社員,400万円～800万円
113,株式会社善仁会 | 人間ドック・生活習慣病健診などの総合健診センターヘルチェック,人間ドック・健康診断の【予約運営スタッフ】◎週休3日勤務もOK 正社員,正社員,300万円～500万円
114,株式会社やる気スイッチグループ | 19期連続増収中★実働7.25ｈ★土日休★大阪府緊急雇用対策に賛同,英語学童保育Kids Duo【教室長】未経験OK/年休120日/英語力不問 正社員,正社員,360万円～600万円
115,三備ホンダ販売株式会社 | 【 モデル年収 】 400万円（1年目）／ 600万円（入社3年目）,人気のホンダ車を提案！【 営業スタッフ 】残業少なめ／転勤なし 正社員,正社員,300万円～450万円
116,株式会社服部家具センター | 創業56年｜更なる成長＆進化に向け既存店を積極リニューアル中,イラレ＆フォトショの基本操作ができればOK【 制作スタッフ 】 正社員,正社員,
117,アプライド マテリアルズ ジャパン株式会社 | 売上世界No.1の半導体製造装置メーカーの日本法人,【エンジニア・技術職】理系職経験者募集◆学歴不問◆全国募集 正社員,正社員,
118,アプライド マテリアルズ ジャパン株式会社 | 売上世界No.1の半導体製造装置メーカーの日本法人,【カスタマーエンジニア】未経験歓迎◆学歴・年齢不問◆全国募集 正社員,正社員,
119,社会福祉法人しが夢翔会 | 賞与4.2ヶ月分／結婚・出産・入学祝い金など福利厚生も充実,障がい者向け施設の【生活支援員】★未経験歓迎 ★年休120日以上 正社員,正社員,300万円～400万円
120,アプライド マテリアルズ ジャパン株式会社 | 売上世界No.1の半導体製造装置メーカーの日本法人,全国募集【エンジニア・技術職】未経験歓迎◆高卒以上◆年齢不問 正社員,正社員,
121,アプライド マテリアルズ ジャパン株式会社 | 売上世界No.1の半導体製造装置メーカーの日本法人,【カスタマーエンジニア】理系職経験者募集◆高卒以上◆全国募集 正社員,正社員,
122,株式会社ビッグモーター | ＼充実したサポート環境／◆未経験女性も活躍中◆月8～10日休み,未経験歓迎♪【カーライフプランナー】平均年収957万円*高卒以上 正社員,正社員,330万円～1500万円
123,ケニス株式会社 | 【授業用機器～最新の理化学機器まで多彩な商品群】賞与年4ヶ月,理科教材等を扱うメーカー兼商社で活躍！【提案営業】年休120日 正社員,正社員,
124,ナスラック株式会社 | #上場企業のグループ #年休126日 #残業少なめ,＼営業経験者優遇／キッチンメーカーの【提案営業】 正社員,正社員,276万円～400万円
125,株式会社ニスコ | 【17年連続生徒数増の成長企業】★未経験者はゼロから研修します,長期連休あり・残業ほぼなし！【総合職(塾講師／企画・広報)】 正社員,正社員,
126,みやぎ生活協同組合 | 20代活躍中！安心と安定をお約束します☆ジョブチェンジあり！,地域密着で働く！【総合職(宅配/店舗)】※未経験者大歓迎 正社員,正社員,
127,株式会社山田屋 | [BRIDAL YAMADAYA] 老舗企業＆日本最大級の品揃え,＼未経験OK♪／キャリアップも可能！【ブライダルスタイリスト】 正社員,正社員,300万円～500万円
128,株式会社ストライプインターナショナル | ☆残業月10h程度☆年間休日116日☆一人暮らし手当・社割など有,キャリアUP実績多数!【総合職(販売)】第二新卒歓迎☆若手活躍中 正社員,正社員,
129,弁護士法人ブレインハート法律事務所 | みなとみらい駅直結の横浜オフィス勤務♪,【事務スタッフ】#完全週休2日制 #土日祝休み #残業ほぼなし 契約社員,契約社員,250万円～400万円
130,株式会社コスモス薬品 | ★無理なく適正な人数体制で店舗を運営しています ★20代活躍中,【総合職（店舗スタッフ）】★希望の勤務スタイルを選択できる 正社員,正社員,250万円～430万円
131,トランスコスモス株式会社 | 【東証プライム上場】えるぼし認定◆年休122日◆完全週休2日,Excelスキルを活かす【事務スタッフ】残業少なめ｜業界未経験OK 正社員,正社員,300万円～450万円
132,アプライド マテリアルズ ジャパン株式会社 | 売上世界No.1の半導体製造装置メーカーの日本法人,広島募集【カスタマーエンジニア】理系職経験者募集◆高卒以上 正社員,正社員,
133,株式会社マルハチ | 【26年連続業績UP】年間3～4店舗のペースで出店！／完全週休2日,食品スーパーの【総合職(店舗運営スタッフ)】昨年賞与4.7ヶ月分 正社員,正社員,
134,株式会社ホープス | 【東証一部上場 SHIFTグループ】#土日祝休 #残業月平均10h程度,未経験歓迎【ITエンジニア】#充実の2ヶ月研修#WEB面接のみで内定 正社員,正社員,315万円～400万円
135,アプライド マテリアルズ ジャパン株式会社 | 売上世界No.1の半導体製造装置メーカーの日本法人,京都募集【カスタマーエンジニア】理系職経験者募集◆高卒以上 正社員,正社員,
136,株式会社SHOEI | ★年間休日120 or 160日★月8~12日休み(土日休み可)★福利厚生◎,自分らしく働く【人事労務/総務】★フルリモート★週3日休みもOK 正社員,正社員,450万円～600万円
137,アプライド マテリアルズ ジャパン株式会社 | 売上世界No.1の半導体製造装置メーカーの日本法人,茨城募集【カスタマーエンジニア】理系職経験者募集◆高卒以上 正社員,正社員,
138,ケイ．イー．シー．株式会社 | 幅広い事業を展開するKEC教育グループ◇2023年～完全週休2日制！,未経験OK★組織・人づくりを行う【コンサルタント】育成環境充実 正社員,正社員,
139,アプライド マテリアルズ ジャパン株式会社 | 売上世界No.1の半導体製造装置メーカーの日本法人,熊本募集【カスタマーエンジニア】理系職経験者募集◆高卒以上 正社員,正社員,
140,アプライド マテリアルズ ジャパン株式会社 | 売上世界No.1の半導体製造装置メーカーの日本法人,北上募集【カスタマーエンジニア】理系職経験者募集◆高卒以上 正社員,正社員,
141,株式会社サンライズ・アカウンティング・インターナショナル | ★完全週休2日★土日祝休★Web面接可能,【経理事務】★完全ポテンシャル採用★絶対的自信の教育環境 正社員,正社員,
142,株式会社早稲田アカデミー | 《東証一部上場》圧倒的な合格実績！177校の進学・学習塾を運営,塾運営をサポートする【総合職(経営企画/総務/経理/運営/広告)】 正社員,正社員,350万円～600万円
143,株式会社アクセライズ | フルフレックス・テレワーク推進・副業OKなど柔軟な働き方が可能,＃20代の若手が活躍中【企画営業】*月給32万円～ *土日祝休み 正社員,正社員,380万円～700万円
144,ケイ.イー.シー.株式会社 | 設立48年のKEC教育グループ／人間教育を大切にしている学習塾,【講師（英語／数学）】教員免許不要！「教えたい」が選考基準！ 正社員,正社員,250万円～500万円
145,株式会社G i n z a | ★オリコン顧客満足度2年連続N o.1(リフォーム事業）★手当充実,未経験でも大丈夫◎【リフォームプランアドバイザー】＊研修充実 正社員,正社員,300万円～650万円
146,ケイ.イー.シー.株式会社 | 設立48年のKEC教育グループ／WEB面接も可能です！,教員免許不要！【総合職(広報/教室運営/教務事務)】残業月15時間 正社員,正社員,300万円～450万円
147,ヤマダストアー株式会社 | 《黒字経営＆業績右肩上がり》圧倒的な地域信頼度の高さを誇る,【販売スタッフ】完全週休2日/平均勤続年数12年/複数名同時募集 正社員,正社員,
148,株式会社ボードルア | ★グロース上場企業★残業ほぼなし★完全週休2日(年休125日以上),マンツーマン研修で【初級ITエンジニア】デビュー★100％未経験 正社員,正社員,300万円～700万円
149,株式会社センシングネット | 世界が注目するテクノロジーを開発！無電環境下でのIOTを促進,最先端センサーテクノロジーの研究に携わる！【エンジニア】 正社員,正社員,300万円～700万円
150,鹿島建設株式会社 | 【東証一部上場企業】30～40代活躍中◆福利厚生充実◆,【総合職(土木施工・建築施工・設備施工)】 正社員,正社員,500万円～900万円
151,新教育総合研究会株式会社 | 【TVなどメディアも注目の企業】地域限定職を選択すれば転勤ナシ,《未経験OK！》ホワイト企業大賞『特別賞』を受賞【教室運営】 正社員,正社員,300万円～450万円
152,株式会社ライセンスアカデミー | 活躍中の社員は6割女性/異業種出身者活躍中/8月はフレックス導入,＼女性活躍中／ 高校生向け進路イベント・YouTubeの【企画営業】 正社員,正社員,
153,島村楽器株式会社 | 全国に176店舗を構える総合楽器専門店 ★残業月平均10時間,好きを活かして仕事をしよう【インストラクター】★完全週休2日 正社員,正社員,
154,株式会社HYBE JAPAN | 土日祝休み＊年休125日以上＊完全フレックス制＊福利厚生充実,"韓流エンタメ業界の【音源/音盤流通】★BTS,TXT,所属 正社員",正社員,300万円～1000万円
155,株式会社HYBE LABELS JAPAN | 土日祝休み＊年休125日以上＊完全フレックス制＊福利厚生充実,"韓流エンタメ業界の【VC(Visual Creative)PM】★BTS,TXT,所属 正社員",正社員,300万円～1300万円
156,株式会社HYBE JAPAN | 土日祝休み＊年休125日以上＊完全フレックス制＊福利厚生充実,"韓流エンタメ業界の【ビジュアルデザイン】★BTS,TXT,所属 正社員",正社員,300万円～1000万円
157,株式会社オーネット | ★WEB説明会/1DAY選考会実施中★女性活躍中(9割女性の職場！),しあわせを繋ぐ！結婚相談所の【結婚アドバイザー（反響営業）】 正社員,正社員,315万円～350万円
158,株式会社HYBE LABELS JAPAN | 土日祝休み＊年休125日以上＊完全フレックス制＊福利厚生充実,"韓流エンタメ業界の【新人発掘（casting）】★BTS,TXT,所属 正社員",正社員,
159,株式会社アイリックコーポレーション | 東証マザーズ上場 『保険クリニック』全国約250店舗展開,【保険アドバイザー】全国募集/未経験歓迎/産育休復帰率100％ 正社員,正社員,280万円～500万円
160,株式会社早稲田アカデミー | 《東証一部上場》個別部門拡大につき経験者積極採用,個別指導教室をまとめる【校長候補】★賞与年2回！ 正社員,正社員,350万円～600万円
161,日本マスタートラスト信託銀行株式会社 | 【第二新卒歓迎】★専門スキル★チームで働く★業務効率化推進中,裁量のある【事務】MUFGグループで活躍！英語力も活かせる環境！ 正社員,正社員,410万円～450万円
162,株式会社アイリックコーポレーション | 東証マザーズ上場 『保険クリニック』全国約260店舗展開,【保険アドバイザー】★全国募集/経験者採用★産育休復帰率100％ 正社員,正社員,280万円～500万円
163,株式会社早稲田アカデミー | 《東証一部上場》個別部門拡大につき経験者積極採用,本気で向き合い、合格を目指す【講師】☆塾講師経験者募集 正社員,正社員,350万円～600万円
164,株式会社早稲田アカデミー | 《東証一部上場》177校を運営中/今後の拡大に向け講師職採用強化,本気で向き合い、合格を目指す【講師】☆未経験者もOK 正社員,正社員,350万円～600万円
165,株式会社ベネミール | ◆設立26年の安定基盤◆業績成長中◆完全週休2日◆原則定時退社,給食受託運営の【提案営業】◎未経験歓迎 ★20～30代活躍中 正社員,正社員,370万円～700万円
166,株式会社アステックペイント | ［ 東京・大阪営業 限定募集 ］ ☆新規営業部門立ち上げ,遮熱塗料シェアトップクラス塗料メーカーの【法人営業】 正社員,正社員,
167,中小企業福祉事業団,【総務事務・企画】未経験歓迎/完全週休2日/年間休126日/転勤無 正社員,正社員,300万円～400万円
168,プラチナ万年筆株式会社 | 創業103年！日本を代表する「万年筆」のメーカー/残業月平均10h,【万年筆の設計・開発】多くの人に愛される商品づくりに携わる！ 正社員,正社員,265万円～600万円
169,株式会社エヌコム | 【富士通株式会社(東証一部上場)販売パートナー企業】,業界シェアトップクラス！医療システムの【ソリューション営業】 正社員,正社員,350万円～650万円
170,株式会社片平新日本技研 | ◆52期連続黒字決算◆新東名や新名神などの実績◆完全週休2日,国家的プロジェクトに携われる！【建設コンサルタント総合職】 正社員,正社員,480万円～700万円
171,株式会社東京商工リサーチ | 国内外の企業・市場調査を行う、業界トップクラスの信用調査会社,【調査営業コンサル】経営層へヒアリング&課題解決※総合職社員 正社員,正社員,450万円～650万円
172,株式会社フジタリード企画 | メーカー/商社/TV局など大手企業と取引多数★完全土日祝休み,直取引100％！魅力を惹き出す【ディスプレイデザイナー】 正社員,正社員,300万円～450万円
173,株式会社アマヤ | 創業51年の総合インテリア商社｜年々増収⇒年商171億円を達成！,建築内装資材を扱う【ルート営業】未経験歓迎◆年休125日◆ 正社員,正社員,300万円～400万円
174,株式会社プランニング大分 | ー 大分合同新聞社グループ ー,さまざまなメディアを駆使する総合広告代理店の【 総合職 】 正社員,正社員,
175,株式会社ゲットクリーンコート | ★賞与年2～3回★ノルマなし★残業ほぼなしでプライベート充実♪,若手活躍中★未経験歓迎◎100%既存顧客への【提案営業】 正社員,正社員,300万円～350万円
176,プラチナ万年筆株式会社 | 創業103年！日本を代表する「万年筆」のメーカー/残業月平均10h,【生産管理】最適化・効率化の業務改善に挑戦 ★年間休日129日 正社員,正社員,320万円～550万円
177,大原出版株式会社 | 創業65年の安定基盤も魅力：土日祝休み、残業ほぼなし,未経験OK！資格講座の【法人営業】★昨年度賞与実績5ヶ月分 正社員,正社員,
178,セブントゥーファイブ株式会社 | 【東証プライム上場のグループ企業】◎完全週休2日制◎WEB面接可,ドローン×AIの【自社内開発エンジニア】裁量◎/残業月20H以内 正社員,正社員,350万円～1200万円
179,損保ジャパンＤＣ証券株式会社 | 【ＳＯＭＰＯグループ】新宿駅から徒歩7分◎賞与年2回支給,ＳＯＭＰＯグループで経験を活かして活躍！【社内システム担当】 正社員,正社員,400万円～600万円
180,大陽日酸JFP株式会社 | 【大陽日酸株式会社(東証一部上場)グループ】★福利厚生充実！,モノづくりに欠かせない！特殊ガスの【製造系総合職】未経験歓迎 正社員,正社員,300万円～450万円
181,株式会社ファーマーズ・フォレスト | 「地域商社」として地方創生のビジネスモデルを構築する成長企業,社長室配属！地方創生ベンチャー企業の【総務・財務(管理職)】 正社員,正社員,350万円～600万円
182,株式会社野村総合研究所 | （NRI）【東証プライム上場】,【システムコンサルタント】（企画～設計～開発） 正社員,正社員,500万円～1000万円
183,アルフレッサファーマ株式会社 | ★1939年設立・東証プライム上場「アルフレッサ」グループの一員,★土日祝休み★残業月20H前後★医療機器製造を担う【生産技術】 正社員,正社員,300万円～490万円
184,"株式会社サイバーエージェント | CyberAgent, Inc. 年間休日124日/リモートワークあり/経験者優遇",化粧品の口コミサイト【広告営業】スタートアップメンバー募集☆ 正社員,正社員,408万円～650万円
185,北海道商工会連合会 | 企業の経営支援や地域振興事業を行う経済団体,【総合職(補助員・記帳専任職員)】※締切：6月13日(月) 書類必着 正社員,正社員,
186,株式会社マイナビM＆A | マイナビグループの信頼を活かして、事業承継問題を解決！,安定基盤で成長できる【M＆Aコンサルタント】金融経験者が活躍中 正社員,正社員,407万円～465万円
187,プラチナ万年筆株式会社 | 1919年創業・万年筆をはじめ筆記具のパイオニアメーカー,【製造技術者】世界的な知名度を誇る筆記具メーカーで活躍 正社員,正社員,290万円～450万円
188,ＣＰＡエクセレントパートナーズ株式会社 | ◆公認会計士等の資格取得を支援するスクール◆年間休日131日,マネジメント経験を活かす【企画運営】20~30代男性活躍中＊ 正社員,正社員,450万円～600万円
189,トータルマネジメント | 【 社会保険労務士・行政書士事務所 】＊産・育休の取得実績あり,高い専門知識を学べる【営業事務】年休123日＊資格支援制度 正社員,正社員,250万円～350万円
190,株式会社三輝設計事務所 | 創業40年◆30代男性活躍中◆残業20h◆転勤なし◆業務負担考慮＊,◆経験者想いの会社【建築設計】が好きで長く続けたい方全員面接 正社員,正社員,350万円～730万円
191,淀屋橋税理士法人 | 【在宅勤務制度あり※／入社祝金あり】大阪府緊急雇用対策に賛同,スキルを磨く【税理士アシスタント】★土日祝休★年休120日以上 正社員,正社員,400万円～500万円
192,株式会社野村総合研究所 | （NRI）【東証プライム上場】,【システムコンサルタント】ITアーキテクチャコンサル～設計構築 正社員,正社員,500万円～1000万円
193,大原出版株式会社 | 資格業界トップクラスの大原学園グループで働くチャンス！,【企画広報】未経験歓迎／年休122日／賞与年2回(昨年度5ヵ月分) 正社員,正社員,
194,株式会社島津製作所 | 【東証プライム上場】リモート率約7割｜残業平均10h｜年休128日,自社製品ソフトウェアの開発推進【ソフト開発】※京都本社募集 正社員,正社員,500万円～850万円
195,ラサ工業株式会社 | 【東証プライム市場】◆化学/機械/電子材料の総合メーカー,未経験歓迎／プライム市場の安定企業／リン系素材の【法人営業】 正社員,正社員,300万円～500万円
196,藤原鋼材株式会社 | 【創業68年】幅広い業界の400社以上を支える『鋼材の専門商社』,専門商社の【提案営業】スキルアップをサポート※正社員登用前提 契約社員,契約社員,420万円～700万円
197,東芝環境ソリューション株式会社 | 《東芝グループ唯一の総合環境ソリューション企業》,東芝グループの一員として活躍！【総務】★年間休日124日 正社員,正社員,
198,株式会社マイナビワークス | 【マイナビグループ】「マイナビクリエイター」等を運営,マイナビクリエイターの【人材系総合職（CA／RA）】※未経験OK 正社員,正社員,300万円～500万円
199,フクシマ社会保険労務士法人 | …―― 信頼と実績で”中四国No.1”を目指しています！ ――…,【 労務士アシスタント 】完全週休2日制★転勤なし/年休120日 正社員,正社員,
200,TSK株式会社 | 【創業80年以上】オムロンやトヨタなど大手企業と取引あり！,"お客様の物流に関する""困った""を解決する【営業】★未経験歓迎 正社員",正社員,
201,ジブラルタ生命保険株式会社 | 社会貢献性の高いビジネス／Web面接可能,【代理店向け法人営業】★研修充実★土日祝休★賞与年4回 正社員,正社員,455万円～732万円
202,ワタナベ工業株式会社 | プラスチック製品加工のリーディングカンパニー｜残業月6h程度,あなたのアイデアが商品に！【企画営業】年休116日/残業ほぼなし 正社員,正社員,
203,株式会社エクシオモバイル | 【東証一部上場／エクシオグループ】研修体制充実★賞与2回,大手キャリアの通信を支える【技術スタッフ】★年間休日120日 正社員,正社員,350万円～650万円
204,株式会社Yメディカル | 月給32万円スタート/年間休日120日以上/土日休み/充実の福利厚生,ずっと必要な医療サービスの【営業スタッフ】★20代活躍中 正社員,正社員,380万円～450万円
205,株式会社Yメディカル | 年間休日120日以上/充実の福利厚生/男女活躍中/平均年齢25歳,ずっと必要な医療サービスの【事務系総合職】★20代活躍中 正社員,正社員,380万円～450万円
206,ポジウィル株式会社 | 「あるべき、こわそう。」をミッションに掲げるHRベンチャー,【キャリアパートナー】キャリアに悩む方のありたい姿を引き出す 正社員,正社員,400万円～600万円
207,株式会社プロフェッショナル・ネットワークス | 年間休日120日以上／土日祝休み,活躍の場が広い！【総務・事務】＊20代活躍中＊基本18時退社 正社員,正社員,
208,株式会社ラクス | 【東証一部上場】CMでおなじみ！自社クラウドサービスを提供,楽楽精算・楽楽明細などの【法人営業（フィールドセールス）】 正社員,正社員,380万円～710万円
209,株式会社マイナビワークス | 【マイナビグループ】『マイナビジョブ20’ｓ』等を運営,マイナビジョブ20’ｓの【CA（キャリアアドバイザー）】未経験OK 正社員,正社員,380万円～500万円
210,株式会社マス商事 | 創業40年以上／年間休日120日以上／9か国11拠点のグローバル企業,グローバル商社の【提案営業】★裁量大きく働いていけます 正社員,正社員,350万円～500万円
211,日本住宅株式会社 | 2020マイナビ人気企業ランキングランクイン！創業37年の成長企業,【新卒採用担当】週休2日｜福利厚生充実｜未経験OK 正社員,正社員,340万円～370万円
212,株式会社マイナビワークス | 【マイナビグループ】『マイナビジョブ20’ｓ』等を運営,マイナビジョブ20’ｓの【RA（リクルーティングアドバイザー）】 正社員,正社員,380万円～500万円
213,株式会社エッジマインド | グループ全体で大手企業を得意先に多くの取引。受注基盤は安定。,【総合職（工事手配／コンタクトセンタースタッフ】☆残業少なめ 正社員,正社員,264万円～384万円
214,株式会社スポーツフィールド | 東証マザーズ上場◆スポナビ◆WEB面談も実施中◆全国で積極採用,スポーツ人財に特化した【キャリアコンサルタント】★未経験歓迎 正社員,正社員,350万円～600万円
215,株式会社シャイン総研 | ◇経済産業省認定 ◇年間休日128日 ◇プレミアムフライデーあり,【提案営業】補助金を活用した中小企業の新事業立ち上げを支援！ 正社員,正社員,420万円～750万円
216,"QUICK VIETNAM Co.,Ltd.",アジア圏内でグローバルに活躍！専門商社の【営業職】 人材バンク登録,人材バンク登録,
217,北海道旅客鉄道株式会社 | JR北海道,＜未経験者歓迎＞【駅業務】★車掌・運転士候補募集 正社員,正社員,
218,株式会社グラム | ★がつがつした新規営業なし★年休120日以上★退職金制度有り,安定している医療業界の【営業】残業月10h以内◆直帰OK 正社員,正社員,300万円～500万円
219,PT. OS Selnajaya Indonesia,【塾講師】ジャカルタにある教育機関でのお仕事です！ 人材バンク登録,人材バンク登録,
220,HRNAVI JOINT STOCK COMPANY | ベトナムでの転職に特化した人材紹介会社です！,◆ベトナム勤務◆システムインテグレーション企業での【技術者】 人材バンク登録,人材バンク登録,
221,株式会社MFS | ＼14店舗で一斉募集！若手積極採用中!!／◎産育休の取得実績あり,未経験歓迎！【ライフパートナー】*月給25万円～/年間休日121日 正社員,正社員,300万円～450万円
222,"ICONIC CO., LTD. | ”海外発”アジア・グローバルキャリアの転職サポート会社です！",【Webディレクター】顧客の課題解決や新たな取組みをサポート！ 人材バンク登録,人材バンク登録,250万円～450万円
223,大王パッケージ株式会社 | 関西事業部◆東証プライム上場グループ◆年3回の長期休暇あり,大手グループで活躍！ルート中心の【営業】未経験OK/賞与3.8ヵ月 正社員,正社員,300万円～500万円
224,PT. OS Selnajaya Indonesia,【営業】商社勤務・オフィスはジャカルタ中心部！ 人材バンク登録,人材バンク登録,
225,さわやか信用金庫 | ＜設立95年＞都内・神奈川県内の地域密着型◎転居を伴う異動なし,経験不問☆第二新卒歓迎【営業】地域活性や暮らしに貢献できる！ 正社員,正社員,
226,佐賀日産自動車株式会社 | 日産グループ | お客様の安全なカーライフをお手伝い,【 カーライフアドバイザー 】★若手採用 ★残業月10時間程度 正社員,正社員,
227,臼井不動産株式会社 | 《横須賀エリアで知名度バツグン！安定企業へ》★家賃補助あり,不動産の知識を活かせる！【不動産管理】★基本18時退社 正社員,正社員,350万円～500万円
228,住信SBIネット銀行株式会社 | 三井住友信託銀行とSBI HDが共同出資する業界大手のネット銀行,【総合職・特定職（住宅ローン営業・事務／代理店営業・管理）】 正社員,正社員,350万円～700万円
229,"ICONIC CO., LTD. | ”海外発”アジア・グローバルキャリアの転職サポート会社です！",家電製品メーカー【品質管理マネージャー】駐在切替の可能性あり 人材バンク登録,人材バンク登録,200万円～350万円
230,株式会社こどもスクール | 生徒数250名を誇る「しながわ・目黒こどもスクール」を運営,小学校受験の幼児教室【講師・教室運営】★残業ほとんどなし 正社員,正社員,
231,株式会社名古屋医理科商会 | 医療の現場を支える仕事／20代・30代が多数活躍中,未経験OK！【 ルート営業 】週休2日(土日祝)／年間休日122日 正社員,正社員,
232,東海理機株式会社 | 躍進する計測器の総合商社★8期連続期末賞与支給★WEB面接OK,【ルート営業】中途のハンデ一切なし/年休120日以上/賞与年3回★ 正社員,正社員,320万円～400万円
233,北海道旅客鉄道株式会社 | JR北海道,北海道の鉄道を支える【鉄道技術職(保線・土木・建築)】 正社員,正社員,
234,PT. OS Selnajaya Indonesia,【アシスタントマネージャー】会計コンサル会社でのお仕事です！ 人材バンク登録,人材バンク登録,
235,北海道旅客鉄道株式会社 | 【“JR北海道”の正社員募集】北海道の将来を担う不動産開発！,《経験者募集》【不動産開発関連職】★残業月10h程・土日祝休み 正社員,正社員,
236,北海道旅客鉄道株式会社 | ＪＲ北海道,【機械電気系　鉄道技術職】＜鉄道車両・電気・機械設備＞ 正社員,正社員,
237,コニカミノルタ株式会社 | 東証プライム上場｜海外売上比率80%｜世界150ヶ国へサービス展開,あなたの手で医療に変革を。【医療用機器製品のエレキ設計開発】 正社員,正社員,500万円～800万円
238,"QUICK VIETNAM Co.,Ltd.",長期的に勤務希望の方歓迎！福利厚生充実の【保険営業】 人材バンク登録,人材バンク登録,
239,コニカミノルタ株式会社 | 東証プライム上場・海外売上高比率77%！,【ヘルスケア事業の海外販社担当】★年間休日125日 正社員,正社員,500万円～800万円
240,株式会社大栄螺旋工業 | 【自社一貫のものづくりメーカー】実質年間休日120日★残業少,トップクラスシェア！既存メインの【企画営業】◎若手積極採用中 正社員,正社員,
241,茨城宝栄工業株式会社 | 昭和21年創業の宝栄工業株式会社のグループ企業,【製造スタッフ】働きやすい制度強化中！※工場見学有で安心♪ 正社員,正社員,
242,ソニー生命保険株式会社 | 完全週休2日制(土日祝休み)／★保険の直接営業ではありません,【サポーター(代理店営業職)】業界未経験歓迎 正社員,正社員,550万円～750万円
243,HRNAVI JOINT STOCK COMPANY | ベトナムでの転職に特化した人材紹介会社です！,三菱電機製品販売代理店での【営業職】※ベトナム勤務 人材バンク登録,人材バンク登録,
244,コニカミノルタ株式会社 | 東証プライム上場・海外売上高比率77%！,世界で需要拡大中の産業用製品【営業職】★年間休日125日 正社員,正社員,500万円～800万円
245,株式会社帝国データバンク | 1900年創業◆企業信用調査のリーディングカンパニー,飛び込み・新規テレアポなし【調査・提案営業】20～30代活躍中 正社員,正社員,350万円～800万円
246,セブントゥーファイブ株式会社 | 【東証プライム上場のグループ企業】*Web面接可*土日祝休み,【総合職（法人営業／ドローンパイロット／アシスタント）】 正社員,正社員,300万円～800万円
247,株式会社鹿児島銀行 | 【九州フィナンシャルグループ】★20～30代活躍中/WEB面接OK★,地域創生に貢献する【総合職(営業/企画)】土日祝休/第二新卒歓迎 正社員,正社員,400万円～700万円
248,Nadia株式会社 | ＼大人気レシピサイト『Nadia』を運営／◆年休124日◆土日祝休み,営業や料理家さんを支える【サポート事務】出勤時間は自由選択♪ 正社員,正社員,300万円～420万円
249,トランスコスモス株式会社 | 【BPOセンター熊本】あなたのキャリアを応援します★,熊本×転勤ナシ【運営・事務管理スタッフ】年休122日/土日祝休み 正社員,正社員,280万円～400万円
